{
    "a": {
        "MAE": 0.0033404212670531627,
        "min_idx": [
            "ak",
            0
        ],
        "min_res": {
            "6": 0.042583718654267466,
            "7": 0.08581921368772069,
            "8": 0.14396482545870914,
            "9": 0.10444700346728242,
            "10": 0.14054594154742736,
            "11": 0.11361451125709442,
            "12": 0.10470661331336675,
            "13": 0.07381728204451542,
            "14": 0.054184002635612856,
            "15": 0.046314058218587986,
            "16": 0.032818201846748385,
            "17": 0.024022256400481213,
            "18": 0.022432486376307247,
            "19": 0.010729885091878716,
            "20": 0.0,
            "21": 0.0,
            "22": 0.0,
            "23": 0.0,
            "24": 0.0,
            "25": 0.0,
            "26": 0.0,
            "27": 0.0,
            "28": 0.0,
            "29": 0.0,
            "30": 0.0,
            "31": 0.0,
            "32": 0.0,
            "33": 0.0,
            "34": 0.0,
            "35": 0.0,
            "36": 0.0,
            "37": 0.0,
            "38": 0.0
        }
    },
    "b": {
        "MAE": 0.01145731162924807,
        "min_idx": [
            "ak",
            0
        ],
        "min_res": {
            "6": 0.042583718654267466,
            "7": 0.08581921368772069,
            "8": 0.14396482545870914,
            "9": 0.10444700346728242,
            "10": 0.14054594154742736,
            "11": 0.11361451125709442,
            "12": 0.10470661331336675,
            "13": 0.07381728204451542,
            "14": 0.054184002635612856,
            "15": 0.046314058218587986,
            "16": 0.032818201846748385,
            "17": 0.024022256400481213,
            "18": 0.022432486376307247,
            "19": 0.010729885091878716,
            "20": 0.0,
            "21": 0.0,
            "22": 0.0,
            "23": 0.0,
            "24": 0.0,
            "25": 0.0,
            "26": 0.0,
            "27": 0.0,
            "28": 0.0,
            "29": 0.0,
            "30": 0.0,
            "31": 0.0,
            "32": 0.0,
            "33": 0.0,
            "34": 0.0,
            "35": 0.0,
            "36": 0.0,
            "37": 0.0,
            "38": 0.0
        }
    },
    "c": {
        "MAE": 0.009459996617419277,
        "min_idx": [
            "ak",
            0
        ],
        "min_res": {
            "6": 0.042583718654267466,
            "7": 0.08581921368772069,
            "8": 0.14396482545870914,
            "9": 0.10444700346728242,
            "10": 0.14054594154742736,
            "11": 0.11361451125709442,
            "12": 0.10470661331336675,
            "13": 0.07381728204451542,
            "14": 0.054184002635612856,
            "15": 0.046314058218587986,
            "16": 0.032818201846748385,
            "17": 0.024022256400481213,
            "18": 0.022432486376307247,
            "19": 0.010729885091878716,
            "20": 0.0,
            "21": 0.0,
            "22": 0.0,
            "23": 0.0,
            "24": 0.0,
            "25": 0.0,
            "26": 0.0,
            "27": 0.0,
            "28": 0.0,
            "29": 0.0,
            "30": 0.0,
            "31": 0.0,
            "32": 0.0,
            "33": 0.0,
            "34": 0.0,
            "35": 0.0,
            "36": 0.0,
            "37": 0.0,
            "38": 0.0
        }
    },
    "d": {
        "MAE": 0.013887415976226298,
        "min_idx": [
            "ak",
            4
        ],
        "min_res": {
            "6": 0.036509522876329185,
            "7": 0.04391460946644878,
            "8": 0.07030693916782105,
            "9": 0.07008281762633613,
            "10": 0.07446913622196574,
            "11": 0.07066856463241425,
            "12": 0.07097377184659728,
            "13": 0.06366894036243614,
            "14": 0.062212301013122376,
            "15": 0.05908476440045741,
            "16": 0.055418605891552,
            "17": 0.058772429066055634,
            "18": 0.05723610596171261,
            "19": 0.04151349478613986,
            "20": 0.03812717972918688,
            "21": 0.029146272908807485,
            "22": 0.029873715433060243,
            "23": 0.029360164990267838,
            "24": 0.02218753862327107,
            "25": 0.01647312499601785,
            "26": 0.0,
            "27": 0.0,
            "28": 0.0,
            "29": 0.0,
            "30": 0.0,
            "31": 0.0,
            "32": 0.0,
            "33": 0.0,
            "34": 0.0,
            "35": 0.0,
            "36": 0.0,
            "37": 0.0,
            "38": 0.0
        }
    },
    "e": {
        "MAE": 0.014186583862117758,
        "min_idx": [
            "ak",
            4
        ],
        "min_res": {
            "6": 0.036509522876329185,
            "7": 0.04391460946644878,
            "8": 0.07030693916782105,
            "9": 0.07008281762633613,
            "10": 0.07446913622196574,
            "11": 0.07066856463241425,
            "12": 0.07097377184659728,
            "13": 0.06366894036243614,
            "14": 0.062212301013122376,
            "15": 0.05908476440045741,
            "16": 0.055418605891552,
            "17": 0.058772429066055634,
            "18": 0.05723610596171261,
            "19": 0.04151349478613986,
            "20": 0.03812717972918688,
            "21": 0.029146272908807485,
            "22": 0.029873715433060243,
            "23": 0.029360164990267838,
            "24": 0.02218753862327107,
            "25": 0.01647312499601785,
            "26": 0.0,
            "27": 0.0,
            "28": 0.0,
            "29": 0.0,
            "30": 0.0,
            "31": 0.0,
            "32": 0.0,
            "33": 0.0,
            "34": 0.0,
            "35": 0.0,
            "36": 0.0,
            "37": 0.0,
            "38": 0.0
        }
    },
    "f": {
        "MAE": 0.015979318919171433,
        "min_idx": [
            "ak",
            0
        ],
        "min_res": {
            "6": 0.042583718654267466,
            "7": 0.08581921368772069,
            "8": 0.14396482545870914,
            "9": 0.10444700346728242,
            "10": 0.14054594154742736,
            "11": 0.11361451125709442,
            "12": 0.10470661331336675,
            "13": 0.07381728204451542,
            "14": 0.054184002635612856,
            "15": 0.046314058218587986,
            "16": 0.032818201846748385,
            "17": 0.024022256400481213,
            "18": 0.022432486376307247,
            "19": 0.010729885091878716,
            "20": 0.0,
            "21": 0.0,
            "22": 0.0,
            "23": 0.0,
            "24": 0.0,
            "25": 0.0,
            "26": 0.0,
            "27": 0.0,
            "28": 0.0,
            "29": 0.0,
            "30": 0.0,
            "31": 0.0,
            "32": 0.0,
            "33": 0.0,
            "34": 0.0,
            "35": 0.0,
            "36": 0.0,
            "37": 0.0,
            "38": 0.0
        }
    },
    "g": {
        "MAE": 0.009324315164386648,
        "min_idx": [
            "ak",
            4
        ],
        "min_res": {
            "6": 0.036509522876329185,
            "7": 0.04391460946644878,
            "8": 0.07030693916782105,
            "9": 0.07008281762633613,
            "10": 0.07446913622196574,
            "11": 0.07066856463241425,
            "12": 0.07097377184659728,
            "13": 0.06366894036243614,
            "14": 0.062212301013122376,
            "15": 0.05908476440045741,
            "16": 0.055418605891552,
            "17": 0.058772429066055634,
            "18": 0.05723610596171261,
            "19": 0.04151349478613986,
            "20": 0.03812717972918688,
            "21": 0.029146272908807485,
            "22": 0.029873715433060243,
            "23": 0.029360164990267838,
            "24": 0.02218753862327107,
            "25": 0.01647312499601785,
            "26": 0.0,
            "27": 0.0,
            "28": 0.0,